[
    {
      "preview_xxs": {"path": "/assets/pressnews/2006/2006_1.jpg", "width": 500, "height": 375 },
      "preview_xs":  {"path": "/assets/pressnews/2006/2006_1.jpg",  "width": 1024, "height": 768 },
      "preview_s":   {"path": "/assets/pressnews/2006/2006_1.jpg",  "width": 1440, "height": 1080 },
      "preview_m":   {"path": "/assets/pressnews/2006/2006_1.jpg",  "width": 2133, "height": 1600 },
      "preview_l":   {"path": "/assets/pressnews/2006/2006_1.jpg",  "width": 2880, "height": 2160 },
      "preview_xl":  {"path": "/assets/pressnews/2006/2006_1.jpg", "width": 3840, "height": 2880 },
      "raw":         {"path": "/assets/pressnews/2006/2006_1.jpg", "width": 1400, "height": 1050 },
      "dominantColor": "#a6a6a6"
    },
    {
      "preview_xxs": {"path": "/assets/pressnews/2006/20060111.jpg", "width": 500, "height": 375 },
      "preview_xs":  {"path": "/assets/pressnews/2006/20060111.jpg",  "width": 1024, "height": 768 },
      "preview_s":   {"path": "/assets/pressnews/2006/20060111.jpg",  "width": 1440, "height": 1080 },
      "preview_m":   {"path": "/assets/pressnews/2006/20060111.jpg",  "width": 2133, "height": 1600 },
      "preview_l":   {"path": "/assets/pressnews/2006/20060111.jpg",  "width": 2880, "height": 2160 },
      "preview_xl":  {"path": "/assets/pressnews/2006/20060111.jpg", "width": 3840, "height": 2880 },
      "raw":         {"path": "/assets/pressnews/2006/20060111.jpg", "width": 1400, "height": 1050 },
      "dominantColor": "#a6a6a6"
    },
    {
      "preview_xxs": {"path": "/assets/pressnews/2006/20060906.jpg", "width": 500, "height": 375 },
      "preview_xs":  {"path": "/assets/pressnews/2006/20060906.jpg",  "width": 1024, "height": 768 },
      "preview_s":   {"path": "/assets/pressnews/2006/20060906.jpg",  "width": 1440, "height": 1080 },
      "preview_m":   {"path": "/assets/pressnews/2006/20060906.jpg",  "width": 2133, "height": 1600 },
      "preview_l":   {"path": "/assets/pressnews/2006/20060906.jpg",  "width": 2880, "height": 2160 },
      "preview_xl":  {"path": "/assets/pressnews/2006/20060906.jpg", "width": 3840, "height": 2880 },
      "raw":         {"path": "/assets/pressnews/2006/20060906.jpg", "width": 1400, "height": 1050 },
      "dominantColor": "#a6a6a6"
    },
    {
      "preview_xxs": {"path": "/assets/pressnews/2006/20060912.jpg", "width": 500, "height": 375 },
      "preview_xs":  {"path": "/assets/pressnews/2006/20060912.jpg",  "width": 1024, "height": 768 },
      "preview_s":   {"path": "/assets/pressnews/2006/20060912.jpg",  "width": 1440, "height": 1080 },
      "preview_m":   {"path": "/assets/pressnews/2006/20060912.jpg",  "width": 2133, "height": 1600 },
      "preview_l":   {"path": "/assets/pressnews/2006/20060912.jpg",  "width": 2880, "height": 2160 },
      "preview_xl":  {"path": "/assets/pressnews/2006/20060912.jpg", "width": 3840, "height": 2880 },
      "raw":         {"path": "/assets/pressnews/2006/20060912.jpg", "width": 1400, "height": 1050 },
      "dominantColor": "#a6a6a6"
    },
    {
      "preview_xxs": {"path": "/assets/pressnews/2006/20060930.jpg", "width": 500, "height": 375 },
      "preview_xs":  {"path": "/assets/pressnews/2006/20060930.jpg",  "width": 1024, "height": 768 },
      "preview_s":   {"path": "/assets/pressnews/2006/20060930.jpg",  "width": 1440, "height": 1080 },
      "preview_m":   {"path": "/assets/pressnews/2006/20060930.jpg",  "width": 2133, "height": 1600 },
      "preview_l":   {"path": "/assets/pressnews/2006/20060930.jpg",  "width": 2880, "height": 2160 },
      "preview_xl":  {"path": "/assets/pressnews/2006/20060930.jpg", "width": 3840, "height": 2880 },
      "raw":         {"path": "/assets/pressnews/2006/20060930.jpg", "width": 1400, "height": 1050 },
      "dominantColor": "#a6a6a6"
    },
    {
      "preview_xxs": {"path": "/assets/pressnews/2006/20061001.jpg", "width": 500, "height": 375 },
      "preview_xs":  {"path": "/assets/pressnews/2006/20061001.jpg",  "width": 1024, "height": 768 },
      "preview_s":   {"path": "/assets/pressnews/2006/20061001.jpg",  "width": 1440, "height": 1080 },
      "preview_m":   {"path": "/assets/pressnews/2006/20061001.jpg",  "width": 2133, "height": 1600 },
      "preview_l":   {"path": "/assets/pressnews/2006/20061001.jpg",  "width": 2880, "height": 2160 },
      "preview_xl":  {"path": "/assets/pressnews/2006/20061001.jpg", "width": 3840, "height": 2880 },
      "raw":         {"path": "/assets/pressnews/2006/20061001.jpg", "width": 1400, "height": 1050 },
      "dominantColor": "#a6a6a6"
    },
    {
      "preview_xxs": {"path": "/assets/pressnews/2006/20061004.jpg", "width": 500, "height": 375 },
      "preview_xs":  {"path": "/assets/pressnews/2006/20061004.jpg",  "width": 1024, "height": 768 },
      "preview_s":   {"path": "/assets/pressnews/2006/20061004.jpg",  "width": 1440, "height": 1080 },
      "preview_m":   {"path": "/assets/pressnews/2006/20061004.jpg",  "width": 2133, "height": 1600 },
      "preview_l":   {"path": "/assets/pressnews/2006/20061004.jpg",  "width": 2880, "height": 2160 },
      "preview_xl":  {"path": "/assets/pressnews/2006/20061004.jpg", "width": 3840, "height": 2880 },
      "raw":         {"path": "/assets/pressnews/2006/20061004.jpg", "width": 1400, "height": 1050 },
      "dominantColor": "#a6a6a6"
    },
    {
      "preview_xxs": {"path": "/assets/pressnews/2006/20061005.jpg", "width": 500, "height": 375 },
      "preview_xs":  {"path": "/assets/pressnews/2006/20061005.jpg",  "width": 1024, "height": 768 },
      "preview_s":   {"path": "/assets/pressnews/2006/20061005.jpg",  "width": 1440, "height": 1080 },
      "preview_m":   {"path": "/assets/pressnews/2006/20061005.jpg",  "width": 2133, "height": 1600 },
      "preview_l":   {"path": "/assets/pressnews/2006/20061005.jpg",  "width": 2880, "height": 2160 },
      "preview_xl":  {"path": "/assets/pressnews/2006/20061005.jpg", "width": 3840, "height": 2880 },
      "raw":         {"path": "/assets/pressnews/2006/20061005.jpg", "width": 1400, "height": 1050 },
      "dominantColor": "#a6a6a6"
    },
    {
      "preview_xxs": {"path": "/assets/pressnews/2006/20061123.jpg", "width": 500, "height": 375 },
      "preview_xs":  {"path": "/assets/pressnews/2006/20061123.jpg",  "width": 1024, "height": 768 },
      "preview_s":   {"path": "/assets/pressnews/2006/20061123.jpg",  "width": 1440, "height": 1080 },
      "preview_m":   {"path": "/assets/pressnews/2006/20061123.jpg",  "width": 2133, "height": 1600 },
      "preview_l":   {"path": "/assets/pressnews/2006/20061123.jpg",  "width": 2880, "height": 2160 },
      "preview_xl":  {"path": "/assets/pressnews/2006/20061123.jpg", "width": 3840, "height": 2880 },
      "raw":         {"path": "/assets/pressnews/2006/20061123.jpg", "width": 1400, "height": 1050 },
      "dominantColor": "#a6a6a6"
    },
    {
      "preview_xxs": {"path": "/assets/pressnews/2006/20061124.jpg", "width": 500, "height": 375 },
      "preview_xs":  {"path": "/assets/pressnews/2006/20061124.jpg",  "width": 1024, "height": 768 },
      "preview_s":   {"path": "/assets/pressnews/2006/20061124.jpg",  "width": 1440, "height": 1080 },
      "preview_m":   {"path": "/assets/pressnews/2006/20061124.jpg",  "width": 2133, "height": 1600 },
      "preview_l":   {"path": "/assets/pressnews/2006/20061124.jpg",  "width": 2880, "height": 2160 },
      "preview_xl":  {"path": "/assets/pressnews/2006/20061124.jpg", "width": 3840, "height": 2880 },
      "raw":         {"path": "/assets/pressnews/2006/20061124.jpg", "width": 1400, "height": 1050 },
      "dominantColor": "#a6a6a6"
    },
    {
      "preview_xxs": {"path": "/assets/pressnews/2006/20061125.jpg", "width": 500, "height": 375 },
      "preview_xs":  {"path": "/assets/pressnews/2006/20061125.jpg",  "width": 1024, "height": 768 },
      "preview_s":   {"path": "/assets/pressnews/2006/20061125.jpg",  "width": 1440, "height": 1080 },
      "preview_m":   {"path": "/assets/pressnews/2006/20061125.jpg",  "width": 2133, "height": 1600 },
      "preview_l":   {"path": "/assets/pressnews/2006/20061125.jpg",  "width": 2880, "height": 2160 },
      "preview_xl":  {"path": "/assets/pressnews/2006/20061125.jpg", "width": 3840, "height": 2880 },
      "raw":         {"path": "/assets/pressnews/2006/20061125.jpg", "width": 1400, "height": 1050 },
      "dominantColor": "#a6a6a6"
    },
    {
      "preview_xxs": {"path": "/assets/pressnews/2006/20061212.jpg", "width": 500, "height": 375 },
      "preview_xs":  {"path": "/assets/pressnews/2006/20061212.jpg",  "width": 1024, "height": 768 },
      "preview_s":   {"path": "/assets/pressnews/2006/20061212.jpg",  "width": 1440, "height": 1080 },
      "preview_m":   {"path": "/assets/pressnews/2006/20061212.jpg",  "width": 2133, "height": 1600 },
      "preview_l":   {"path": "/assets/pressnews/2006/20061212.jpg",  "width": 2880, "height": 2160 },
      "preview_xl":  {"path": "/assets/pressnews/2006/20061212.jpg", "width": 3840, "height": 2880 },
      "raw":         {"path": "/assets/pressnews/2006/20061212.jpg", "width": 1400, "height": 1050 },
      "dominantColor": "#a6a6a6"
    },
    {
      "preview_xxs": {"path": "/assets/pressnews/2006/200610041.jpg", "width": 500, "height": 375 },
      "preview_xs":  {"path": "/assets/pressnews/2006/200610041.jpg",  "width": 1024, "height": 768 },
      "preview_s":   {"path": "/assets/pressnews/2006/200610041.jpg",  "width": 1440, "height": 1080 },
      "preview_m":   {"path": "/assets/pressnews/2006/200610041.jpg",  "width": 2133, "height": 1600 },
      "preview_l":   {"path": "/assets/pressnews/2006/200610041.jpg",  "width": 2880, "height": 2160 },
      "preview_xl":  {"path": "/assets/pressnews/2006/200610041.jpg", "width": 3840, "height": 2880 },
      "raw":         {"path": "/assets/pressnews/2006/200610041.jpg", "width": 1400, "height": 1050 },
      "dominantColor": "#a6a6a6"
    },
    {
      "preview_xxs": {"path": "/assets/pressnews/2006/200611251.jpg", "width": 500, "height": 375 },
      "preview_xs":  {"path": "/assets/pressnews/2006/200611251.jpg",  "width": 1024, "height": 768 },
      "preview_s":   {"path": "/assets/pressnews/2006/200611251.jpg",  "width": 1440, "height": 1080 },
      "preview_m":   {"path": "/assets/pressnews/2006/200611251.jpg",  "width": 2133, "height": 1600 },
      "preview_l":   {"path": "/assets/pressnews/2006/200611251.jpg",  "width": 2880, "height": 2160 },
      "preview_xl":  {"path": "/assets/pressnews/2006/200611251.jpg", "width": 3840, "height": 2880 },
      "raw":         {"path": "/assets/pressnews/2006/200611251.jpg", "width": 1400, "height": 1050 },
      "dominantColor": "#a6a6a6"
    }
]    