[
    {
      "preview_xxs": {"path": "/assets/pressnews/2008/20080108.jpg", "width": 500, "height": 375 },
      "preview_xs":  {"path": "/assets/pressnews/2008/20080108.jpg",  "width": 1024, "height": 768 },
      "preview_s":   {"path": "/assets/pressnews/2008/20080108.jpg",  "width": 1440, "height": 1080 },
      "preview_m":   {"path": "/assets/pressnews/2008/20080108.jpg",  "width": 2133, "height": 1600 },
      "preview_l":   {"path": "/assets/pressnews/2008/20080108.jpg",  "width": 2880, "height": 2160 },
      "preview_xl":  {"path": "/assets/pressnews/2008/20080108.jpg", "width": 3840, "height": 2880 },
      "raw":         {"path": "/assets/pressnews/2008/20080108.jpg", "width": 1400, "height": 1050 },
      "dominantColor": "#a6a6a6"
    },
    {
      "preview_xxs": {"path": "/assets/pressnews/2008/20080208.jpg", "width": 500, "height": 375 },
      "preview_xs":  {"path": "/assets/pressnews/2008/20080208.jpg",  "width": 1024, "height": 768 },
      "preview_s":   {"path": "/assets/pressnews/2008/20080208.jpg",  "width": 1440, "height": 1080 },
      "preview_m":   {"path": "/assets/pressnews/2008/20080208.jpg",  "width": 2133, "height": 1600 },
      "preview_l":   {"path": "/assets/pressnews/2008/20080208.jpg",  "width": 2880, "height": 2160 },
      "preview_xl":  {"path": "/assets/pressnews/2008/20080208.jpg", "width": 3840, "height": 2880 },
      "raw":         {"path": "/assets/pressnews/2008/20080208.jpg", "width": 1400, "height": 1050 },
      "dominantColor": "#a6a6a6"
    },
    {
      "preview_xxs": {"path": "/assets/pressnews/2008/20080224.jpg", "width": 500, "height": 375 },
      "preview_xs":  {"path": "/assets/pressnews/2008/20080224.jpg",  "width": 1024, "height": 768 },
      "preview_s":   {"path": "/assets/pressnews/2008/20080224.jpg",  "width": 1440, "height": 1080 },
      "preview_m":   {"path": "/assets/pressnews/2008/20080224.jpg",  "width": 2133, "height": 1600 },
      "preview_l":   {"path": "/assets/pressnews/2008/20080224.jpg",  "width": 2880, "height": 2160 },
      "preview_xl":  {"path": "/assets/pressnews/2008/20080224.jpg", "width": 3840, "height": 2880 },
      "raw":         {"path": "/assets/pressnews/2008/20080224.jpg", "width": 1400, "height": 1050 },
      "dominantColor": "#a6a6a6"
    },
    {
      "preview_xxs": {"path": "/assets/pressnews/2008/20080226.jpg", "width": 500, "height": 375 },
      "preview_xs":  {"path": "/assets/pressnews/2008/20080226.jpg",  "width": 1024, "height": 768 },
      "preview_s":   {"path": "/assets/pressnews/2008/20080226.jpg",  "width": 1440, "height": 1080 },
      "preview_m":   {"path": "/assets/pressnews/2008/20080226.jpg",  "width": 2133, "height": 1600 },
      "preview_l":   {"path": "/assets/pressnews/2008/20080226.jpg",  "width": 2880, "height": 2160 },
      "preview_xl":  {"path": "/assets/pressnews/2008/20080226.jpg", "width": 3840, "height": 2880 },
      "raw":         {"path": "/assets/pressnews/2008/20080226.jpg", "width": 1400, "height": 1050 },
      "dominantColor": "#a6a6a6"
    },
    {
      "preview_xxs": {"path": "/assets/pressnews/2008/20080405.jpg", "width": 500, "height": 375 },
      "preview_xs":  {"path": "/assets/pressnews/2008/20080405.jpg",  "width": 1024, "height": 768 },
      "preview_s":   {"path": "/assets/pressnews/2008/20080405.jpg",  "width": 1440, "height": 1080 },
      "preview_m":   {"path": "/assets/pressnews/2008/20080405.jpg",  "width": 2133, "height": 1600 },
      "preview_l":   {"path": "/assets/pressnews/2008/20080405.jpg",  "width": 2880, "height": 2160 },
      "preview_xl":  {"path": "/assets/pressnews/2008/20080405.jpg", "width": 3840, "height": 2880 },
      "raw":         {"path": "/assets/pressnews/2008/20080405.jpg", "width": 1400, "height": 1050 },
      "dominantColor": "#a6a6a6"
    },
    {
      "preview_xxs": {"path": "/assets/pressnews/2008/20080413.jpg", "width": 500, "height": 375 },
      "preview_xs":  {"path": "/assets/pressnews/2008/20080413.jpg",  "width": 1024, "height": 768 },
      "preview_s":   {"path": "/assets/pressnews/2008/20080413.jpg",  "width": 1440, "height": 1080 },
      "preview_m":   {"path": "/assets/pressnews/2008/20080413.jpg",  "width": 2133, "height": 1600 },
      "preview_l":   {"path": "/assets/pressnews/2008/20080413.jpg",  "width": 2880, "height": 2160 },
      "preview_xl":  {"path": "/assets/pressnews/2008/20080413.jpg", "width": 3840, "height": 2880 },
      "raw":         {"path": "/assets/pressnews/2008/20080413.jpg", "width": 1400, "height": 1050 },
      "dominantColor": "#a6a6a6"
    },
    {
      "preview_xxs": {"path": "/assets/pressnews/2008/20080512.jpg", "width": 500, "height": 375 },
      "preview_xs":  {"path": "/assets/pressnews/2008/20080512.jpg",  "width": 1024, "height": 768 },
      "preview_s":   {"path": "/assets/pressnews/2008/20080512.jpg",  "width": 1440, "height": 1080 },
      "preview_m":   {"path": "/assets/pressnews/2008/20080512.jpg",  "width": 2133, "height": 1600 },
      "preview_l":   {"path": "/assets/pressnews/2008/20080512.jpg",  "width": 2880, "height": 2160 },
      "preview_xl":  {"path": "/assets/pressnews/2008/20080512.jpg", "width": 3840, "height": 2880 },
      "raw":         {"path": "/assets/pressnews/2008/20080512.jpg", "width": 1400, "height": 1050 },
      "dominantColor": "#a6a6a6"
    },
    {
      "preview_xxs": {"path": "/assets/pressnews/2008/20080521.jpg", "width": 500, "height": 375 },
      "preview_xs":  {"path": "/assets/pressnews/2008/20080521.jpg",  "width": 1024, "height": 768 },
      "preview_s":   {"path": "/assets/pressnews/2008/20080521.jpg",  "width": 1440, "height": 1080 },
      "preview_m":   {"path": "/assets/pressnews/2008/20080521.jpg",  "width": 2133, "height": 1600 },
      "preview_l":   {"path": "/assets/pressnews/2008/20080521.jpg",  "width": 2880, "height": 2160 },
      "preview_xl":  {"path": "/assets/pressnews/2008/20080521.jpg", "width": 3840, "height": 2880 },
      "raw":         {"path": "/assets/pressnews/2008/20080521.jpg", "width": 1400, "height": 1050 },
      "dominantColor": "#a6a6a6"
    },
    {
      "preview_xxs": {"path": "/assets/pressnews/2008/20080614.jpg", "width": 500, "height": 375 },
      "preview_xs":  {"path": "/assets/pressnews/2008/20080614.jpg",  "width": 1024, "height": 768 },
      "preview_s":   {"path": "/assets/pressnews/2008/20080614.jpg",  "width": 1440, "height": 1080 },
      "preview_m":   {"path": "/assets/pressnews/2008/20080614.jpg",  "width": 2133, "height": 1600 },
      "preview_l":   {"path": "/assets/pressnews/2008/20080614.jpg",  "width": 2880, "height": 2160 },
      "preview_xl":  {"path": "/assets/pressnews/2008/20080614.jpg", "width": 3840, "height": 2880 },
      "raw":         {"path": "/assets/pressnews/2008/20080614.jpg", "width": 1400, "height": 1050 },
      "dominantColor": "#a6a6a6"
    },
    {
      "preview_xxs": {"path": "/assets/pressnews/2008/20081116.jpg", "width": 500, "height": 375 },
      "preview_xs":  {"path": "/assets/pressnews/2008/20081116.jpg",  "width": 1024, "height": 768 },
      "preview_s":   {"path": "/assets/pressnews/2008/20081116.jpg",  "width": 1440, "height": 1080 },
      "preview_m":   {"path": "/assets/pressnews/2008/20081116.jpg",  "width": 2133, "height": 1600 },
      "preview_l":   {"path": "/assets/pressnews/2008/20081116.jpg",  "width": 2880, "height": 2160 },
      "preview_xl":  {"path": "/assets/pressnews/2008/20081116.jpg", "width": 3840, "height": 2880 },
      "raw":         {"path": "/assets/pressnews/2008/20081116.jpg", "width": 1400, "height": 1050 },
      "dominantColor": "#a6a6a6"
    },
    {
      "preview_xxs": {"path": "/assets/pressnews/2008/20081228.jpg", "width": 500, "height": 375 },
      "preview_xs":  {"path": "/assets/pressnews/2008/20081228.jpg",  "width": 1024, "height": 768 },
      "preview_s":   {"path": "/assets/pressnews/2008/20081228.jpg",  "width": 1440, "height": 1080 },
      "preview_m":   {"path": "/assets/pressnews/2008/20081228.jpg",  "width": 2133, "height": 1600 },
      "preview_l":   {"path": "/assets/pressnews/2008/20081228.jpg",  "width": 2880, "height": 2160 },
      "preview_xl":  {"path": "/assets/pressnews/2008/20081228.jpg", "width": 3840, "height": 2880 },
      "raw":         {"path": "/assets/pressnews/2008/20081228.jpg", "width": 1400, "height": 1050 },
      "dominantColor": "#a6a6a6"
    },
    {
      "preview_xxs": {"path": "/assets/pressnews/2008/200805211.jpg", "width": 500, "height": 375 },
      "preview_xs":  {"path": "/assets/pressnews/2008/200805211.jpg",  "width": 1024, "height": 768 },
      "preview_s":   {"path": "/assets/pressnews/2008/200805211.jpg",  "width": 1440, "height": 1080 },
      "preview_m":   {"path": "/assets/pressnews/2008/200805211.jpg",  "width": 2133, "height": 1600 },
      "preview_l":   {"path": "/assets/pressnews/2008/200805211.jpg",  "width": 2880, "height": 2160 },
      "preview_xl":  {"path": "/assets/pressnews/2008/200805211.jpg", "width": 3840, "height": 2880 },
      "raw":         {"path": "/assets/pressnews/2008/200805211.jpg", "width": 1400, "height": 1050 },
      "dominantColor": "#a6a6a6"
    },
    {
      "preview_xxs": {"path": "/assets/pressnews/2008/200805212.jpg", "width": 500, "height": 375 },
      "preview_xs":  {"path": "/assets/pressnews/2008/200805212.jpg",  "width": 1024, "height": 768 },
      "preview_s":   {"path": "/assets/pressnews/2008/200805212.jpg",  "width": 1440, "height": 1080 },
      "preview_m":   {"path": "/assets/pressnews/2008/200805212.jpg",  "width": 2133, "height": 1600 },
      "preview_l":   {"path": "/assets/pressnews/2008/200805212.jpg",  "width": 2880, "height": 2160 },
      "preview_xl":  {"path": "/assets/pressnews/2008/200805212.jpg", "width": 3840, "height": 2880 },
      "raw":         {"path": "/assets/pressnews/2008/200805212.jpg", "width": 1400, "height": 1050 },
      "dominantColor": "#a6a6a6"
    }

]    