[
    {
      "preview_xxs": {"path": "/assets/pressnews/unknown/01.jpg", "width": 500, "height": 375 },
      "preview_xs":  {"path": "/assets/pressnews/unknown/01.jpg",  "width": 1024, "height": 768 },
      "preview_s":   {"path": "/assets/pressnews/unknown/01.jpg",  "width": 1440, "height": 1080 },
      "preview_m":   {"path": "/assets/pressnews/unknown/01.jpg",  "width": 2133, "height": 1600 },
      "preview_l":   {"path": "/assets/pressnews/unknown/01.jpg",  "width": 2880, "height": 2160 },
      "preview_xl":  {"path": "/assets/pressnews/unknown/01.jpg", "width": 3840, "height": 2880 },
      "raw":         {"path": "/assets/pressnews/unknown/01.jpg", "width": 1400, "height": 1050 },
      "dominantColor": "#a6a6a6"
    },
    {
      "preview_xxs": {"path": "/assets/pressnews/unknown/02.jpg", "width": 500, "height": 375 },
      "preview_xs":  {"path": "/assets/pressnews/unknown/02.jpg",  "width": 1024, "height": 768 },
      "preview_s":   {"path": "/assets/pressnews/unknown/02.jpg",  "width": 1440, "height": 1080 },
      "preview_m":   {"path": "/assets/pressnews/unknown/02.jpg",  "width": 2133, "height": 1600 },
      "preview_l":   {"path": "/assets/pressnews/unknown/02.jpg",  "width": 2880, "height": 2160 },
      "preview_xl":  {"path": "/assets/pressnews/unknown/02.jpg", "width": 3840, "height": 2880 },
      "raw":         {"path": "/assets/pressnews/unknown/02.jpg", "width": 1400, "height": 1050 },
      "dominantColor": "#a6a6a6"
    },
    {
      "preview_xxs": {"path": "/assets/pressnews/unknown/03.jpg", "width": 500, "height": 375 },
      "preview_xs":  {"path": "/assets/pressnews/unknown/03.jpg",  "width": 1024, "height": 768 },
      "preview_s":   {"path": "/assets/pressnews/unknown/03.jpg",  "width": 1440, "height": 1080 },
      "preview_m":   {"path": "/assets/pressnews/unknown/03.jpg",  "width": 2133, "height": 1600 },
      "preview_l":   {"path": "/assets/pressnews/unknown/03.jpg",  "width": 2880, "height": 2160 },
      "preview_xl":  {"path": "/assets/pressnews/unknown/03.jpg", "width": 3840, "height": 2880 },
      "raw":         {"path": "/assets/pressnews/unknown/03.jpg", "width": 1400, "height": 1050 },
      "dominantColor": "#a6a6a6"
    },
    {
      "preview_xxs": {"path": "/assets/pressnews/unknown/04.jpg", "width": 500, "height": 375 },
      "preview_xs":  {"path": "/assets/pressnews/unknown/04.jpg",  "width": 1024, "height": 768 },
      "preview_s":   {"path": "/assets/pressnews/unknown/04.jpg",  "width": 1440, "height": 1080 },
      "preview_m":   {"path": "/assets/pressnews/unknown/04.jpg",  "width": 2133, "height": 1600 },
      "preview_l":   {"path": "/assets/pressnews/unknown/04.jpg",  "width": 2880, "height": 2160 },
      "preview_xl":  {"path": "/assets/pressnews/unknown/04.jpg", "width": 3840, "height": 2880 },
      "raw":         {"path": "/assets/pressnews/unknown/04.jpg", "width": 1400, "height": 1050 },
      "dominantColor": "#a6a6a6"
    },
    {
      "preview_xxs": {"path": "/assets/pressnews/unknown/05.jpg", "width": 500, "height": 375 },
      "preview_xs":  {"path": "/assets/pressnews/unknown/05.jpg",  "width": 1024, "height": 768 },
      "preview_s":   {"path": "/assets/pressnews/unknown/05.jpg",  "width": 1440, "height": 1080 },
      "preview_m":   {"path": "/assets/pressnews/unknown/05.jpg",  "width": 2133, "height": 1600 },
      "preview_l":   {"path": "/assets/pressnews/unknown/05.jpg",  "width": 2880, "height": 2160 },
      "preview_xl":  {"path": "/assets/pressnews/unknown/05.jpg", "width": 3840, "height": 2880 },
      "raw":         {"path": "/assets/pressnews/unknown/05.jpg", "width": 1400, "height": 1050 },
      "dominantColor": "#a6a6a6"
    },
    {
      "preview_xxs": {"path": "/assets/pressnews/unknown/06.jpg", "width": 500, "height": 375 },
      "preview_xs":  {"path": "/assets/pressnews/unknown/06.jpg",  "width": 1024, "height": 768 },
      "preview_s":   {"path": "/assets/pressnews/unknown/06.jpg",  "width": 1440, "height": 1080 },
      "preview_m":   {"path": "/assets/pressnews/unknown/06.jpg",  "width": 2133, "height": 1600 },
      "preview_l":   {"path": "/assets/pressnews/unknown/06.jpg",  "width": 2880, "height": 2160 },
      "preview_xl":  {"path": "/assets/pressnews/unknown/06.jpg", "width": 3840, "height": 2880 },
      "raw":         {"path": "/assets/pressnews/unknown/06.jpg", "width": 1400, "height": 1050 },
      "dominantColor": "#a6a6a6"
    }
]